{"cameraMode":{"drawMode":0,"name":"Shaded","section":"Shading Mode"},"sceneLighting":false,"audioPlay":false,"sceneViewState":{"m_AlwaysRefresh":false,"showFog":true,"showSkybox":true,"showFlares":true,"showImageEffects":true,"showParticleSystems":true,"showVisualEffectGraphs":true,"m_FxEnabled":true},"in2DMode":false,"pivot":{"x":-0.2832682132720947,"y":1.1691410541534424,"z":0.5353196859359741},"rotation":{"x":0.10404913127422333,"y":0.07685773074626923,"z":-0.00807519443333149,"w":0.9915663599967957},"size":0.9653207063674927,"orthographic":false}